run_id,mode,asset,signal,start_time,end_time,trades,win_rate,avg_pnl,total_pnl,drawdown
2026-04-16-12-31-48,2026-04-16T19:31:48.172469,2026-04-16T19:35:42.508018,300,48.7,-8.26,588.86,-3067.86,119.2,1.74,0,19.7
2026-04-16-12-51-20,2026-04-16T19:51:20.308998,2026-04-16T19:51:56.620253,362,47.8,-9.3,404.94,-3772.54,110.7,1.77,0,19.1
2026-04-16-16-24-14,2026-04-16T23:24:14.070859,2026-04-16T23:25:38.900408,1920,46.9,-6.25,1769.89,-13762.14,112.9,1.81,0,18.2
2026-04-16-18-50-40,2026-04-17T01:50:40.736838,2026-04-17T01:52:14.499932,2584,45.8,-8.12,409.51,-21398.86,101.9,1.77,0,17.6
2026-04-16-18-52-14,2026-04-17T01:52:14.503136,2026-04-17T01:52:46.158915,2584,45.8,-8.12,409.51,-21398.86,101.9,1.77,0,17.6
2026-04-16-20-34-20,2026-04-17T03:34:20.555305,2026-04-17T03:35:56.141051,2786,45.6,-8.1,541.68,-23097.97,102.3,1.77,0,17.5
2026-04-16-21-05-17,2026-04-17T04:05:17.085620,2026-04-17T04:06:11.726370,2948,45.1,-8.31,526.8,-25025.01,102.1,1.79,0,17.2
2026-04-16-21-06-11,2026-04-17T04:06:11.728048,2026-04-17T04:06:49.521452,2948,45.1,-8.31,526.8,-25025.01,102.1,1.79,0,17.2
2026-04-16-21-22-07,2026-04-17T04:22:07.395603,2026-04-17T04:22:36.419634,2982,45.0,-8.54,339.08,-25804.2,101.3,1.79,0,17.1
2026-04-16-21-22-36,2026-04-17T04:22:36.422173,2026-04-17T04:23:06.854979,2988,45.1,-8.47,356.47,-25654.76,101.4,1.78,0,17.2
2026-04-16-21-23-06,2026-04-17T04:23:06.857404,2026-04-17T04:23:23.389613,2994,45.1,-8.52,347.72,-25862.22,101.3,1.78,0,17.2
2026-04-16-21-23-23,2026-04-17T04:23:23.392293,2026-04-17T04:24:01.023606,2998,45.1,-8.51,351.99,-25867.45,101.4,1.78,0,17.2
2026-04-16-21-24-01,2026-04-17T04:24:01.025185,2026-04-17T04:24:53.256484,3000,45.2,-8.49,372.17,-25837.18,101.4,1.78,0,17.2
2026-04-16-21-24-53,2026-04-17T04:24:53.258805,2026-04-17T04:25:01.340790,3002,45.2,-8.43,437.68,-25757.21,101.7,1.78,0,17.2
2026-04-16-21-37-13,2026-04-17T04:37:13.869919,2026-04-17T04:37:46.083484,3010,45.3,-8.34,534.77,-25642.57,102.1,1.78,0,17.2
2026-04-16-21-37-46,2026-04-17T04:37:46.086503,2026-04-17T04:38:18.894860,3018,45.3,-8.37,508.0,-25759.41,102.0,1.78,0,17.3
2026-04-16-22-01-44,2026-04-17T05:01:44.582646,2026-04-17T05:02:08.666262,3024,45.3,-8.3,551.82,-25642.81,102.2,1.78,0,17.3
2026-04-16-22-41-16,2026-04-17T05:41:16.290591,2026-04-17T05:41:45.001161,3034,45.2,-8.39,394.43,-25864.02,101.5,1.78,0,17.2
2026-04-16-22-41-45,2026-04-17T05:41:45.005322,2026-04-17T05:42:35.824071,3044,45.2,-8.44,344.76,-26042.9,101.3,1.78,0,17.2
2026-04-16-22-42-35,2026-04-17T05:42:35.826392,2026-04-17T05:47:16.179800,3100,45.1,-8.52,249.79,-26666.89,100.9,1.78,0,17.2
2026-04-16-22-47-16,2026-04-17T05:47:16.181873,2026-04-17T05:47:46.555980,3102,45.1,-8.5,292.9,-26658.49,101.1,1.78,0,17.2
2026-04-16-22-47-46,2026-04-17T05:47:46.558582,2026-04-17T05:47:52.098580,3106,45.1,-8.44,365.07,-26582.45,101.4,1.78,0,17.2
2026-04-16-22-47-52,2026-04-17T05:47:52.102315,2026-04-17T05:48:01.688530,3106,45.1,-8.44,365.07,-26582.45,101.4,1.78,0,17.2
2026-04-16-22-48-01,2026-04-17T05:48:01.689971,2026-04-17T05:48:22.588425,3110,45.1,-8.39,446.41,-26531.36,101.7,1.78,0,17.1
2026-04-16-22-48-22,2026-04-17T05:48:22.590067,2026-04-17T05:48:29.553697,3112,45.2,-8.36,486.61,-26499.93,101.8,1.77,0,17.2
2026-04-16-22-48-29,2026-04-17T05:48:29.556082,2026-04-17T05:48:56.890115,3114,45.2,-8.34,492.99,-26450.8,101.9,1.77,0,17.2
2026-04-16-22-48-56,2026-04-17T05:48:56.892150,2026-04-17T05:49:49.162780,3130,45.1,-8.38,529.68,-26744.58,102.0,1.78,0,17.2
2026-04-16-22-49-49,2026-04-17T05:49:49.165348,2026-04-17T05:55:18.998387,3186,45.2,-8.27,687.82,-27022.95,102.5,1.77,0,17.2
2026-04-16-22-55-19,2026-04-17T05:55:19.000607,2026-04-17T05:55:23.133002,3188,45.2,-8.26,715.4,-27050.92,102.6,1.77,0,17.2
2026-04-16-22-55-23,2026-04-17T05:55:23.135603,2026-04-17T05:55:26.914868,3188,45.2,-8.26,715.4,-27050.92,102.6,1.77,0,17.2
2026-04-16-22-55-26,2026-04-17T05:55:26.918359,2026-04-17T05:56:09.566119,3194,45.3,-8.17,811.49,-26919.17,103.0,1.77,0,17.3
2026-04-16-22-56-09,2026-04-17T05:56:09.569796,2026-04-17T05:56:14.873966,3194,45.3,-8.17,811.49,-26919.17,103.0,1.77,0,17.3
2026-04-16-22-56-14,2026-04-17T05:56:14.875902,2026-04-17T05:56:19.301750,3194,45.3,-8.17,811.49,-26919.17,103.0,1.77,0,17.3
2026-04-16-22-56-19,2026-04-17T05:56:19.326349,2026-04-17T05:58:22.353464,3212,45.2,-8.24,705.29,-27183.22,102.6,1.77,0,17.2
2026-04-16-23-05-44,2026-04-17T06:05:44.380932,2026-04-17T06:06:25.383221,3218,45.2,-8.22,760.77,-27204.53,102.8,1.77,0,17.2
2026-04-17-16-11-51,2026-04-17T23:11:51.234740,2026-04-17T23:12:14.337889,5484,45.3,-8.31,-792.65,-44784.25,98.2,1.79,0,17.6
2026-04-17-16-12-14,2026-04-17T23:12:14.340136,2026-04-17T23:20:27.509169,84,47.6,-0.99,156.78,-240.29,165.2,1.68,0,14.3
2026-04-17-16-20-27,2026-04-17T23:20:27.511853,2026-04-17T23:21:05.350939,10,40.0,-22.31,-9.23,-213.86,95.7,1.56,0,20.0
2026-04-17-16-21-05,2026-04-17T23:21:05.353520,2026-04-18T00:10:19.798763,432,45.1,-2.37,443.07,-1467.69,130.2,1.64,0,16.4
2026-04-17-17-26-13,2026-04-18T00:26:13.558640,2026-04-18T00:28:09.229444,6156,45.3,-7.75,225.04,-47905.97,100.5,1.78,0,17.3
2026-04-17-17-30-25,2026-04-18T00:30:25.683755,2026-04-18T02:46:29.963079,6428,45.4,-7.6,268.29,-49148.44,100.5,1.79,0,17.4
2026-04-17-20-09-10,2026-04-18T03:09:10.371177,2026-04-18T03:10:44.344043,6670,45.4,-7.59,499.36,-51095.55,101.0,1.78,0,17.3
2026-04-17-20-10-44,2026-04-18T03:10:44.345657,2026-04-18T03:11:27.882641,2,0.0,-14.7,-20.56,-8.83,-132.8,0.5,0,0.0
2026-04-17-20-23-04,2026-04-18T03:23:04.513010,2026-04-18T03:25:30.041244,6794,45.6,-7.35,1154.75,-51064.47,102.3,1.78,0,17.4
2026-04-17-20-50-39,2026-04-18T03:50:39.723788,2026-04-18T03:53:08.822683,7020,45.4,-7.63,280.69,-53856.19,100.5,1.78,0,17.3
2026-04-17-20-53-08,2026-04-18T03:53:08.823572,2026-04-18T03:53:46.887506,8,37.5,-11.78,-33.44,-60.77,45.0,0.86,0,12.5
2026-04-17-21-06-05,2026-04-18T04:06:05.951795,2026-04-18T04:06:46.831346,7140,45.3,-7.75,-256.23,-55070.85,99.5,1.79,0,17.3
2026-04-17-21-24-29,2026-04-18T04:24:29.895907,2026-04-18T04:24:58.176874,7284,45.4,-7.75,178.12,-56596.92,100.3,1.79,0,17.3
2026-04-17-21-24-58,2026-04-18T04:24:58.182804,2026-04-18T04:36:41.830690,106,54.7,-0.2,215.57,-237.13,190.9,1.79,0,20.8
2026-04-17-21-40-41,2026-04-18T04:40:41.999414,2026-04-18T04:41:23.898408,7434,45.6,-7.66,423.16,-57350.42,100.7,1.79,0,17.4
2026-04-17-23-59-19,2026-04-18T06:59:19.240360,2026-04-18T06:59:55.947442,8694,46.1,-7.07,2750.81,-64225.83,104.3,1.81,0,17.4
2026-04-17-23-59-55,2026-04-18T06:59:55.949298,2026-04-18T07:04:36.719432,38,55.3,4.09,127.25,28.23,350.8,2.18,0,23.7
2026-04-18-00-12-44,2026-04-18T07:12:44.318777,2026-04-18T07:13:07.845904,8740,46.2,-7.02,2949.65,-64278.77,104.6,1.81,0,17.4
2026-04-18-00-22-48,2026-04-18T07:22:48.064620,2026-04-18T07:24:19.465085,8784,46.1,-7.09,2690.77,-64962.56,104.1,1.81,0,17.4
2026-04-18-00-42-18,2026-04-18T07:42:18.323650,2026-04-18T07:42:40.945076,8900,46.1,-7.02,3068.31,-65550.25,104.7,1.81,0,17.4
2026-04-18-00-50-45,2026-04-18T07:50:45.476340,2026-04-18T07:51:09.263627,8908,46.1,-7.05,2960.36,-65789.44,104.5,1.81,0,17.4
2026-04-18-00-51-09,2026-04-18T07:51:09.265134,2026-04-18T08:02:38.662265,104,45.2,-6.75,237.62,-939.4,125.3,1.95,0,17.3
2026-04-18-01-10-00,2026-04-18T08:10:00.026123,2026-04-18T08:10:28.276454,9074,46.2,-7.04,3308.35,-67214.35,104.9,1.81,0,17.4
2026-04-18-01-16-12,2026-04-18T08:16:12.415817,2026-04-18T08:16:37.318987,9116,46.2,-7.03,3317.16,-67366.95,104.9,1.81,0,17.4
2026-04-18-01-16-37,2026-04-18T08:16:37.320218,2026-04-18T08:29:44.527289,120,41.7,-11.7,-81.22,-1322.32,93.9,1.71,0,12.5
2026-04-18-01-29-44,2026-04-18T08:29:44.530407,2026-04-18T08:39:30.082562,62,48.4,-7.4,62.89,-521.75,112.1,1.88,0,22.6
2026-04-18-01-39-30,2026-04-18T08:39:30.084134,2026-04-18T08:45:35.527008,64,51.6,5.41,282.98,63.19,347.8,1.74,0,18.8
2026-04-18-01-45-35,2026-04-18T08:45:35.530693,2026-04-18T08:48:18.142722,30,33.3,-14.27,-56.01,-371.94,84.9,1.39,0,10.0
2026-04-18-01-48-18,2026-04-18T08:48:18.150923,2026-04-18T08:53:03.483944,28,42.9,-9.02,-3.07,-249.42,98.8,1.45,0,14.3
2026-04-25-21-03-36,2026-04-26T04:03:36.343260,2026-04-26T04:07:33.310023,5994,24.6,-8.02,-76.9,-48022.17,99.8,1.84,0,0.7
