timestamp,open,high,low,close,volume
2026-04-02 12:02:18.262,2046.7518141710623,2058.0780703571922,2046.7518141710623,2058.0780703571922,20160566327.194042
2026-04-02 13:01:57.333,2058.0780703571922,2065.1998596132084,2058.0780703571922,2065.1998596132084,20430792951.19096
2026-04-02 14:02:53.588,2065.1998596132084,2068.267540097687,2065.1998596132084,2068.267540097687,19782059908.738018
2026-04-02 15:02:36.843,2068.267540097687,2068.267540097687,2062.257261674845,2062.257261674845,18688959086.340504
2026-04-02 16:03:03.896,2062.257261674845,2062.257261674845,2061.084999463242,2061.084999463242,18165154515.700043
2026-04-02 17:03:43.683,2061.084999463242,2061.084999463242,2056.8902960008427,2056.8902960008427,18107142808.132233
2026-04-02 18:02:40.933,2056.8902960008427,2056.8902960008427,2052.3014968598927,2052.3014968598927,17853528999.095024
2026-04-02 19:02:27.981,2052.3014968598927,2052.3014968598927,2049.654142170374,2049.654142170374,15884178517.73015
2026-04-02 20:03:56.752,2049.654142170374,2051.4562786599804,2049.654142170374,2051.4562786599804,15907864473.960415
2026-04-02 21:02:36.365,2051.4562786599804,2054.0755179404528,2051.4562786599804,2054.0755179404528,15733775969.587173
2026-04-02 22:02:32.102,2054.0755179404528,2054.5899083434715,2054.0755179404528,2054.5899083434715,15548993850.139677
2026-04-02 23:01:48.376,2054.5899083434715,2056.7872983636894,2054.5899083434715,2056.7872983636894,14472529799.21816
2026-04-03 00:03:06.059,2056.7872983636894,2063.283856957693,2056.7872983636894,2063.283856957693,14844876102.111408
2026-04-03 01:02:58.863,2063.283856957693,2065.5815589168933,2063.283856957693,2065.5815589168933,13845765399.419489
2026-04-03 02:02:18.130,2065.5815589168933,2065.5815589168933,2060.8186131240586,2060.8186131240586,13973827434.305384
2026-04-03 03:03:01.060,2060.8186131240586,2061.0565645459264,2060.8186131240586,2061.0565645459264,14481214788.749802
2026-04-03 04:03:03.489,2061.0565645459264,2061.0565645459264,2059.9174165918257,2059.9174165918257,13356577202.697906
2026-04-03 05:02:53.220,2059.9174165918257,2062.515877805712,2059.9174165918257,2062.515877805712,13184595537.162954
2026-04-03 06:02:24.341,2062.515877805712,2062.515877805712,2050.4286838652606,2050.4286838652606,14022333093.101429
2026-04-03 07:02:31.157,2050.4286838652606,2050.4286838652606,2048.410769333114,2048.410769333114,13242925922.112051
2026-04-03 08:00:44.953,2048.410769333114,2055.2694959118326,2048.410769333114,2055.2694959118326,11410758263.296902
2026-04-03 09:01:09.051,2055.2694959118326,2055.2694959118326,2051.4972548162177,2051.4972548162177,11796666155.584206
2026-04-03 10:02:39.297,2051.4972548162177,2054.8156229417027,2051.4972548162177,2054.8156229417027,11742049625.456512
2026-04-03 11:02:55.635,2054.8156229417027,2054.8156229417027,2050.0226865993136,2050.0226865993136,11785555080.594904
2026-04-03 12:03:16.843,2050.0226865993136,2050.0226865993136,2048.7101505162536,2048.7101505162536,10035099515.371313
2026-04-03 13:02:25.300,2048.7101505162536,2052.4146949086044,2048.7101505162536,2052.4146949086044,9384674272.352936
2026-04-03 14:03:55.567,2052.4146949086044,2052.816741356222,2052.4146949086044,2052.816741356222,10451369609.261686
2026-04-03 15:04:16.260,2052.816741356222,2058.3864427665653,2052.816741356222,2058.3864427665653,10114508411.33692
2026-04-03 16:04:14.228,2058.3864427665653,2058.3864427665653,2051.9598403699597,2051.9598403699597,10263380339.618855
2026-04-03 17:08:33.973,2051.9598403699597,2052.040627099922,2051.9598403699597,2052.040627099922,10051606550.674917
2026-04-03 18:04:30.076,2052.040627099922,2052.040627099922,2051.834102346245,2051.834102346245,9216800001.83506
2026-04-03 19:19:17.524,2051.834102346245,2051.834102346245,2049.4606330163047,2049.4606330163047,10350064624.00991
2026-04-03 20:56:21.385,2049.4606330163047,2050.175195825445,2049.4606330163047,2050.175195825445,8559172426.2370405
2026-04-03 21:43:09.286,2050.175195825445,2050.7624008758467,2050.175195825445,2050.7624008758467,8652976919.153685
2026-04-03 22:30:33.226,2050.7624008758467,2051.2570200594887,2050.7624008758467,2051.2570200594887,8612597759.818361
2026-04-03 23:52:33.124,2051.2570200594887,2054.4311108993784,2051.2570200594887,2054.4311108993784,5909150877.637959
2026-04-04 00:58:31.362,2054.4311108993784,2054.4311108993784,2052.144189998187,2052.144189998187,8011204974.910713
2026-04-04 01:44:59.073,2052.144189998187,2052.510170631598,2052.144189998187,2052.510170631598,6917105232.91445
2026-04-04 02:58:33.855,2052.510170631598,2052.510170631598,2049.7142662385227,2049.7142662385227,5606558906.4740505
2026-04-04 03:53:14.105,2049.7142662385227,2053.016344266488,2049.7142662385227,2053.016344266488,7450513666.040452
2026-04-04 04:02:09.502,2053.016344266488,2053.9296019203907,2053.016344266488,2053.9296019203907,7440914157.362746
2026-04-04 05:02:22.034,2053.9296019203907,2053.9296019203907,2051.1411682561597,2051.1411682561597,6683354578.115229
2026-04-04 06:02:22.249,2051.1411682561597,2051.1411682561597,2049.5321658964685,2049.5321658964685,5621190320.376152
2026-04-04 07:01:48.002,2049.5321658964685,2053.5320230931156,2049.5321658964685,2053.5320230931156,5956940497.127955
2026-04-04 08:02:36.466,2053.5320230931156,2053.5320230931156,2052.3247078406353,2052.3247078406353,6602022605.345739
2026-04-04 09:01:00.948,2052.3247078406353,2055.727430544161,2052.3247078406353,2055.727430544161,5874208627.0772295
2026-04-04 10:02:09.147,2055.727430544161,2057.624927295613,2055.727430544161,2057.624927295613,5346310673.136836
2026-04-04 11:03:03.734,2057.624927295613,2057.624927295613,2056.775035969484,2056.775035969484,5127564989.3793545
2026-04-04 12:02:28.768,2056.775035969484,2056.775035969484,2055.0593459089737,2055.0593459089737,5808695460.949356
2026-04-04 13:02:15.838,2055.0593459089737,2065.931462816513,2055.0593459089737,2065.931462816513,6316409050.481344
2026-04-04 14:03:02.382,2065.931462816513,2065.931462816513,2062.3419786432714,2062.3419786432714,5418353802.462959
2026-04-04 15:02:44.724,2062.3419786432714,2068.388449232811,2062.3419786432714,2068.388449232811,5868698095.606421
2026-04-04 16:02:12.646,2068.388449232811,2069.0168016655775,2068.388449232811,2069.0168016655775,6376295102.438977
2026-04-04 17:01:51.661,2069.0168016655775,2069.0168016655775,2065.5231379113093,2065.5231379113093,7123521093.464452
2026-04-04 18:01:47.013,2065.5231379113093,2065.5231379113093,2061.1849530036766,2061.1849530036766,5701497457.71247
2026-04-04 19:01:43.387,2061.1849530036766,2061.1849530036766,2057.604027804671,2057.604027804671,6441701582.940567
2026-04-04 20:03:07.459,2057.604027804671,2059.433758331316,2057.604027804671,2059.433758331316,5633514449.95124
2026-04-04 21:02:07.305,2059.433758331316,2059.433758331316,2055.8811919168024,2055.8811919168024,5786306953.567493
2026-04-04 22:03:01.057,2055.8811919168024,2055.8811919168024,2054.5773999650073,2054.5773999650073,5789783211.333978
2026-04-04 23:03:03.987,2054.5773999650073,2054.5773999650073,2047.9256758594963,2047.9256758594963,6381521330.401596
2026-04-05 00:03:11.817,2047.9256758594963,2047.9256758594963,2038.741164092361,2038.741164092361,6713698150.833564
2026-04-05 01:02:54.658,2038.741164092361,2038.741164092361,2036.6787373945779,2036.6787373945779,6051237790.034025
2026-04-05 02:03:12.088,2036.6787373945779,2038.8508947216578,2036.6787373945779,2038.8508947216578,6633265963.57062
2026-04-05 03:00:38.185,2038.8508947216578,2044.2619005018494,2038.8508947216578,2044.2619005018494,6278354470.452471
2026-04-05 04:02:29.575,2044.2619005018494,2044.2619005018494,2044.2239903267039,2044.2239903267039,6752612939.573658
2026-04-05 05:03:10.762,2044.2239903267039,2044.2239903267039,2041.750390212683,2041.750390212683,6800991002.023323
2026-04-05 06:03:18.546,2041.750390212683,2041.750390212683,2028.2989249624638,2028.2989249624638,7896005271.502565
2026-04-05 07:03:16.198,2028.2989249624638,2035.6568515330855,2028.2989249624638,2035.6568515330855,7940725316.971968
2026-04-05 08:03:22.219,2035.6568515330855,2037.6932202746068,2035.6568515330855,2037.6932202746068,7269285209.0397835
2026-04-05 09:00:20.079,2037.6932202746068,2053.007242502597,2037.6932202746068,2053.007242502597,8363743316.980711
2026-04-05 10:04:32.723,2053.007242502597,2053.007242502597,2051.006394428436,2051.006394428436,8123628608.691809
2026-04-05 11:03:39.989,2051.006394428436,2061.227484157073,2051.006394428436,2061.227484157073,7782557606.776798
2026-04-05 12:03:37.955,2061.227484157073,2061.520752327158,2061.227484157073,2061.520752327158,8737953798.741364
2026-04-05 13:03:31.403,2061.520752327158,2061.520752327158,2060.347314900928,2060.347314900928,7313164713.960797
2026-04-05 14:03:15.066,2060.347314900928,2068.0148803449642,2060.347314900928,2068.0148803449642,7609996949.742435
2026-04-05 15:03:03.790,2068.0148803449642,2068.0148803449642,2060.8520323206158,2060.8520323206158,8536783898.764604
2026-04-05 16:02:42.584,2060.8520323206158,2084.1388966483687,2060.8520323206158,2084.1388966483687,9148905644.820122
2026-04-05 17:02:45.505,2084.1388966483687,2109.005555869251,2084.1388966483687,2109.005555869251,10308136462.203756
2026-04-05 18:03:32.946,2109.005555869251,2121.444947600618,2109.005555869251,2121.444947600618,10137754266.395435
2026-04-05 19:02:17.328,2121.444947600618,2121.444947600618,2115.0947629043308,2115.0947629043308,11530361558.824757
2026-04-05 20:08:52.421,2115.0947629043308,2132.8484041656106,2115.0947629043308,2132.8484041656106,11333332825.91254
2026-04-05 21:02:49.990,2132.8484041656106,2132.8484041656106,2127.644809426974,2127.644809426974,11606269213.08537
2026-04-05 22:02:09.086,2127.644809426974,2130.2456519589496,2127.644809426974,2130.2456519589496,12195580673.213474
2026-04-05 23:02:44.493,2130.2456519589496,2130.386287247182,2130.2456519589496,2130.386287247182,12342264118.997717
2026-04-06 00:02:53.715,2130.386287247182,2130.386287247182,2126.846338406893,2126.846338406893,12403519257.104162
2026-04-06 01:03:08.879,2126.846338406893,2134.268020554024,2126.846338406893,2134.268020554024,12814855389.552307
2026-04-06 02:03:04.795,2134.268020554024,2138.313391583446,2134.268020554024,2138.313391583446,13203012044.099834
2026-04-06 03:03:32.643,2138.313391583446,2151.0358453166596,2138.313391583446,2151.0358453166596,14723583724.944479
2026-04-06 04:03:48.922,2151.0358453166596,2152.027211239242,2151.0358453166596,2152.027211239242,14982479475.475246
2026-04-06 05:03:49.088,2152.027211239242,2152.027211239242,2151.3619173269803,2151.3619173269803,15348256334.407154
2026-04-06 06:03:38.427,2151.3619173269803,2151.3619173269803,2143.9169939868643,2143.9169939868643,16168559578.479029
2026-04-06 07:03:53.843,2143.9169939868643,2144.176220021143,2143.9169939868643,2144.176220021143,14491093386.31517
2026-04-06 08:03:21.781,2144.176220021143,2158.133398435832,2144.176220021143,2158.133398435832,16478123512.117405
2026-04-06 09:02:57.155,2158.133398435832,2164.3965521130867,2158.133398435832,2164.3965521130867,17293575789.602364
2026-04-06 10:03:19.719,2164.3965521130867,2164.3965521130867,2143.0021319353905,2143.0021319353905,16127388108.43362
2026-04-06 11:04:20.451,2143.0021319353905,2143.0021319353905,2134.8972431495986,2134.8972431495986,17563952183.125435
2026-04-06 12:02:54.393,2134.8972431495986,2144.4918117427305,2134.8972431495986,2144.4918117427305,17902082337.02025
2026-04-06 13:02:49.314,2144.4918117427305,2144.5450433607484,2144.4918117427305,2144.5450433607484,18250923090.234707
2026-04-06 14:03:42.084,2144.5450433607484,2149.281662104898,2144.5450433607484,2149.281662104898,18182141460.898266
2026-04-06 15:03:35.888,2149.281662104898,2149.281662104898,2139.6623470708514,2139.6623470708514,18111500739.75649
2026-04-06 16:03:32.432,2139.6623470708514,2139.6623470708514,2111.367834393215,2111.367834393215,17790571327.305172
2026-04-06 17:02:54.929,2111.367834393215,2111.367834393215,2107.828320222534,2107.828320222534,17715610730.53405
2026-04-06 18:03:13.498,2107.828320222534,2113.6576071376658,2107.828320222534,2113.6576071376658,18394578914.952618
2026-04-06 19:02:56.649,2113.6576071376658,2113.6576071376658,2100.3861040307497,2100.3861040307497,17215039576.23767
2026-04-06 20:03:26.432,2100.3861040307497,2105.5973457153486,2100.3861040307497,2105.5973457153486,17936676773.306473
2026-04-06 21:02:13.959,2105.5973457153486,2107.7433471867053,2105.5973457153486,2107.7433471867053,17362436824.644974
2026-04-06 22:02:13.050,2107.7433471867053,2114.833570717769,2107.7433471867053,2114.833570717769,16449883116.324839
2026-04-06 23:03:17.511,2114.833570717769,2114.833570717769,2104.6881518663504,2104.6881518663504,16467690575.531887
2026-04-07 00:01:23.804,2104.6881518663504,2104.6881518663504,2103.628581002606,2103.628581002606,17057195592.82234
2026-04-07 01:02:51.420,2103.628581002606,2103.691857270921,2103.628581002606,2103.691857270921,16583638329.35242
2026-04-07 02:03:51.551,2103.691857270921,2115.5424872890376,2103.691857270921,2115.5424872890376,16659161898.861897
2026-04-07 03:02:48.161,2115.5424872890376,2128.1454163349454,2115.5424872890376,2128.1454163349454,15954912932.358702
2026-04-07 04:02:34.944,2128.1454163349454,2128.1454163349454,2089.0133603217823,2089.0133603217823,15821889224.864004
2026-04-07 05:03:42.206,2089.0133603217823,2089.694218164277,2089.0133603217823,2089.694218164277,16369001772.105656
2026-04-07 06:04:09.018,2089.694218164277,2089.694218164277,2087.2432735681336,2087.2432735681336,15180052975.076097
2026-04-07 07:02:47.139,2087.2432735681336,2087.2432735681336,2076.647931692654,2076.647931692654,14684053466.330019
2026-04-07 08:04:16.274,2076.647931692654,2076.647931692654,2071.409153044771,2071.409153044771,16407922809.213932
2026-04-07 09:02:21.562,2071.409153044771,2079.4776168759936,2071.409153044771,2079.4776168759936,15948681806.63153
2026-04-07 10:03:22.472,2079.4776168759936,2083.4372315353266,2079.4776168759936,2083.4372315353266,15359187776.340136
2026-04-07 11:03:03.095,2083.4372315353266,2099.8220095975844,2083.4372315353266,2099.8220095975844,15176996492.849096
2026-04-07 12:04:00.757,2099.8220095975844,2099.8220095975844,2085.584028768824,2085.584028768824,14803397330.814453
2026-04-07 13:03:21.421,2085.584028768824,2111.6093666569873,2085.584028768824,2111.6093666569873,16467230312.388363
2026-04-07 14:03:33.565,2111.6093666569873,2114.10602815954,2111.6093666569873,2114.10602815954,16027239427.201008
2026-04-07 15:03:29.209,2114.10602815954,2144.7037729840645,2114.10602815954,2144.7037729840645,15655647770.401873
2026-04-07 16:02:50.642,2144.7037729840645,2208.3550124451726,2144.7037729840645,2208.3550124451726,19849661961.820614
2026-04-07 17:04:03.402,2208.3550124451726,2241.8159903072574,2208.3550124451726,2241.8159903072574,21326991149.979954
2026-04-07 18:03:38.276,2241.8159903072574,2241.8159903072574,2234.615610255096,2234.615610255096,22510505310.35528
2026-04-07 19:02:47.625,2234.615610255096,2234.615610255096,2234.588592691279,2234.588592691279,22487804141.697018
2026-04-07 20:04:11.352,2234.588592691279,2234.588592691279,2234.5785489175137,2234.5785489175137,22809925122.665165
2026-04-07 21:03:07.102,2234.5785489175137,2234.5785489175137,2234.304553487867,2234.304553487867,23470658063.875427
2026-04-07 22:01:51.825,2234.304553487867,2244.6863938265637,2234.304553487867,2244.6863938265637,25091798531.638794
2026-04-07 23:01:54.075,2244.6863938265637,2244.6863938265637,2240.1938155820835,2240.1938155820835,25086780914.96415
2026-04-08 00:02:55.795,2240.1938155820835,2245.6587720404077,2240.1938155820835,2245.6587720404077,24521351918.757454
2026-04-08 01:02:34.991,2245.6587720404077,2252.10913422199,2245.6587720404077,2252.10913422199,25312012621.85605
2026-04-08 02:01:55.775,2252.10913422199,2255.8134614998266,2252.10913422199,2255.8134614998266,25677090306.278965
2026-04-08 03:02:16.084,2255.8134614998266,2255.8134614998266,2249.7900082273786,2249.7900082273786,26774666445.473934
2026-04-08 04:02:25.792,2249.7900082273786,2249.7900082273786,2244.2758870027897,2244.2758870027897,26149204664.629444
2026-04-08 05:02:04.680,2244.2758870027897,2246.964207230592,2244.2758870027897,2246.964207230592,24823242292.13873
2026-04-08 06:02:20.404,2246.964207230592,2256.3919058811784,2246.964207230592,2256.3919058811784,25541938396.240005
2026-04-08 07:02:15.240,2256.3919058811784,2256.3919058811784,2236.4000749564184,2236.4000749564184,26523957794.730083
2026-04-08 08:02:40.208,2236.4000749564184,2236.4000749564184,2192.1790748015073,2192.1790748015073,26198709921.3584
2026-04-08 09:02:32.663,2192.1790748015073,2215.5995835881145,2192.1790748015073,2215.5995835881145,26728325492.389904
2026-04-08 10:01:54.023,2215.5995835881145,2222.5301200376684,2215.5995835881145,2222.5301200376684,26988575876.777504
2026-04-08 11:01:41.904,2222.5301200376684,2231.7235381310124,2222.5301200376684,2231.7235381310124,26849810520.90722
2026-04-08 12:02:21.353,2231.7235381310124,2231.7235381310124,2202.622601707491,2202.622601707491,27348723552.665764
2026-04-08 13:02:15.563,2202.622601707491,2207.8034840642263,2202.622601707491,2207.8034840642263,26301195915.32704
2026-04-08 14:01:50.746,2207.8034840642263,2209.5825703963924,2207.8034840642263,2209.5825703963924,27131987889.451347
2026-04-08 15:02:06.957,2209.5825703963924,2213.711092085272,2209.5825703963924,2213.711092085272,25512408275.078587
2026-04-08 16:02:28.459,2213.711092085272,2213.711092085272,2190.9516220139394,2190.9516220139394,24069429211.92893
2026-04-08 17:02:32.826,2190.9516220139394,2190.9516220139394,2190.478568186725,2190.478568186725,21125273662.90435
2026-04-08 18:01:56.086,2190.478568186725,2190.478568186725,2184.5689767373765,2184.5689767373765,19290712220.483894
2026-04-08 19:01:29.979,2184.5689767373765,2184.5689767373765,2177.4177011486627,2177.4177011486627,19926777149.079964
2026-04-08 20:01:41.774,2177.4177011486627,2182.1005054010675,2177.4177011486627,2182.1005054010675,18706993548.927357
2026-04-08 21:03:10.366,2182.1005054010675,2182.7438474003798,2182.1005054010675,2182.7438474003798,18559401159.5116
2026-04-08 22:04:35.383,2182.7438474003798,2182.7438474003798,2177.8274342648633,2177.8274342648633,18796210871.53172
2026-04-08 23:04:40.187,2177.8274342648633,2181.4857951606195,2177.8274342648633,2181.4857951606195,17864901794.2978
2026-04-09 00:03:27.764,2181.4857951606195,2181.4857951606195,2181.1394697134997,2181.1394697134997,17919837423.057392
2026-04-09 01:02:32.938,2181.1394697134997,2181.23747328888,2181.1394697134997,2181.23747328888,17023459785.5004
2026-04-09 02:02:33.231,2181.23747328888,2186.3165715011364,2181.23747328888,2186.3165715011364,16798551740.482885
2026-04-09 03:02:15.289,2186.3165715011364,2193.9329118640003,2186.3165715011364,2193.9329118640003,17084595611.642868
2026-04-09 04:02:56.613,2193.9329118640003,2193.9329118640003,2192.198320979471,2192.198320979471,16708136979.535309
2026-04-09 05:02:29.724,2192.198320979471,2192.198320979471,2180.1720908621187,2180.1720908621187,16380175196.48911
2026-04-09 06:01:23.910,2180.1720908621187,2182.788437239381,2180.1720908621187,2182.788437239381,17053308627.430796
2026-04-09 07:02:03.845,2182.788437239381,2182.788437239381,2164.89454106194,2164.89454106194,16308079716.179182
2026-04-09 08:02:58.505,2164.89454106194,2177.1653792141283,2164.89454106194,2177.1653792141283,14319150568.693672
2026-04-09 09:03:13.203,2177.1653792141283,2217.0673736163476,2177.1653792141283,2217.0673736163476,15127755488.71752
2026-04-09 10:02:28.467,2217.0673736163476,2217.0673736163476,2206.8854589406287,2206.8854589406287,16118963316.090895
2026-04-09 11:03:25.226,2206.8854589406287,2222.457832579154,2206.8854589406287,2222.457832579154,16366474195.638334
2026-04-09 12:02:30.842,2222.457832579154,2222.457832579154,2207.5462293166565,2207.5462293166565,16451330319.636053
2026-04-09 13:03:05.746,2207.5462293166565,2216.770732452321,2207.5462293166565,2216.770732452321,16654873137.92963
2026-04-09 14:02:46.107,2216.770732452321,2216.770732452321,2212.3116095554024,2212.3116095554024,15795544658.90522
2026-04-09 15:02:57.646,2212.3116095554024,2212.3116095554024,2211.319185751992,2211.319185751992,16042124606.602505
2026-04-09 16:02:43.535,2211.319185751992,2211.319185751992,2201.2403763249035,2201.2403763249035,16938072258.187206
2026-04-09 17:02:13.777,2201.2403763249035,2201.2403763249035,2188.9744265525896,2188.9744265525896,17278828176.633224
2026-04-09 18:00:50.822,2188.9744265525896,2194.1600616834835,2188.9744265525896,2194.1600616834835,16601807473.577871
2026-04-09 19:02:26.279,2194.1600616834835,2195.737363932446,2194.1600616834835,2195.737363932446,16642304445.844759
2026-04-09 20:02:28.579,2195.737363932446,2195.737363932446,2188.2092365296035,2188.2092365296035,16507930981.156044
2026-04-09 21:02:36.739,2188.2092365296035,2188.2092365296035,2185.9787056941173,2185.9787056941173,16521689095.95142
2026-04-09 22:02:37.446,2185.9787056941173,2194.7832250683414,2185.9787056941173,2194.7832250683414,14527629631.897387
2026-04-09 23:04:13.106,2194.7832250683414,2196.477224091735,2194.7832250683414,2196.477224091735,16457691032.704046
2026-04-10 00:03:21.856,2196.477224091735,2196.477224091735,2185.57239983888,2185.57239983888,16902855018.085863
2026-04-10 01:03:42.731,2185.57239983888,2185.57239983888,2179.2710126499423,2179.2710126499423,17374028420.0677
2026-04-10 02:04:25.435,2179.2710126499423,2186.0683032813263,2179.2710126499423,2186.0683032813263,15397195178.468271
2026-04-10 03:02:28.867,2186.0683032813263,2195.9205112051277,2186.0683032813263,2195.9205112051277,16512276057.584572
2026-04-10 04:02:29.117,2195.9205112051277,2197.7635063548346,2195.9205112051277,2197.7635063548346,16794186554.859707
2026-04-10 05:01:57.583,2197.7635063548346,2216.1790201802078,2197.7635063548346,2216.1790201802078,16801264004.957024
2026-04-10 06:00:17.710,2216.1790201802078,2219.393793168932,2216.1790201802078,2219.393793168932,17636667833.299442
2026-04-10 07:02:28.072,2219.393793168932,2224.345775889126,2219.393793168932,2224.345775889126,18629047780.568398
2026-04-10 08:01:19.127,2224.345775889126,2243.306060184689,2224.345775889126,2243.306060184689,19926870751.21942
2026-04-10 09:01:48.440,2243.306060184689,2243.306060184689,2222.949263541387,2222.949263541387,17618581572.382656
2026-04-10 10:02:24.675,2222.949263541387,2246.29417363437,2222.949263541387,2246.29417363437,17747837400.984512
2026-04-10 11:01:17.809,2246.29417363437,2248.4949584714936,2246.29417363437,2248.4949584714936,17381829035.994953
2026-04-10 12:02:54.300,2248.4949584714936,2250.2137320861993,2248.4949584714936,2250.2137320861993,16739073823.210115
2026-04-10 13:02:04.058,2250.2137320861993,2254.403105675559,2250.2137320861993,2254.403105675559,17458608632.519352
2026-04-10 14:27:28.634,2254.403105675559,2254.403105675559,2249.3472766761683,2249.3472766761683,17935066898.83044
2026-04-10 15:32:18.939,2249.3472766761683,2249.3472766761683,2248.0604358261126,2248.0604358261126,17450520302.069466
2026-04-10 16:43:17.846,2248.0604358261126,2248.0604358261126,2243.1744921228833,2243.1744921228833,16196194153.63328
2026-04-10 17:52:33.579,2243.1744921228833,2243.1744921228833,2238.3997019787907,2238.3997019787907,15931937542.985186
2026-04-10 18:58:12.076,2238.3997019787907,2245.0718799131523,2238.3997019787907,2245.0718799131523,16318767262.86735
2026-04-10 19:52:57.749,2245.0718799131523,2246.676874015512,2245.0718799131523,2246.676874015512,15359397847.390265
2026-04-10 20:59:49.066,2246.676874015512,2246.676874015512,2238.397113594826,2238.397113594826,14995920411.960327
2026-04-10 21:37:43.702,2238.397113594826,2241.356452309423,2238.397113594826,2241.356452309423,15210084851.51209
2026-04-10 22:42:23.155,2241.356452309423,2241.356452309423,2235.7543615388677,2235.7543615388677,15138778399.005373
2026-04-10 23:54:58.163,2235.7543615388677,2236.338595755564,2235.7543615388677,2236.338595755564,15617700811.989735
2026-04-11 00:13:42.517,2236.338595755564,2236.338595755564,2235.3173618617984,2235.3173618617984,15728340219.243145
2026-04-11 01:43:20.288,2235.3173618617984,2235.3173618617984,2234.6377575682973,2234.6377575682973,15353091165.965134
2026-04-11 02:50:23.846,2234.6377575682973,2243.9471902247847,2234.6377575682973,2243.9471902247847,14353473598.080072
2026-04-11 03:23:51.415,2243.9471902247847,2243.9471902247847,2240.6319615843386,2240.6319615843386,14018672825.674664
2026-04-11 04:59:58.373,2240.6319615843386,2246.5801907757536,2240.6319615843386,2246.5801907757536,13227525621.168272
2026-04-11 05:04:36.832,2246.5801907757536,2246.5801907757536,2246.5801907757536,2246.5801907757536,13227525621.168272
2026-04-11 06:12:45.551,2246.5801907757536,2246.5801907757536,2241.5664384285083,2241.5664384285083,12495069592.617819
2026-04-11 07:33:39.861,2241.5664384285083,2242.667766930086,2241.5664384285083,2242.667766930086,11072757666.091736
2026-04-11 08:25:02.134,2242.667766930086,2249.400936096686,2242.667766930086,2249.400936096686,10903931975.276299
2026-04-11 09:23:29.818,2249.400936096686,2249.4780553059004,2249.400936096686,2249.4780553059004,10220619128.40661
2026-04-11 10:59:58.796,2249.4780553059004,2259.9473579073974,2249.4780553059004,2259.9473579073974,9353895586.900227
2026-04-11 11:08:45.322,2259.9473579073974,2259.969299152028,2259.9473579073974,2259.969299152028,9378408659.35578
2026-04-11 12:08:57.955,2259.969299152028,2307.562979108211,2259.969299152028,2307.562979108211,10129860958.734816
2026-04-11 13:35:46.060,2307.562979108211,2307.562979108211,2293.787135546034,2293.787135546034,11880065652.546812
2026-04-11 14:36:09.816,2293.787135546034,2301.1749558205515,2293.787135546034,2301.1749558205515,12449848148.549402
2026-04-11 15:32:53.308,2301.1749558205515,2306.736689178673,2301.1749558205515,2306.736689178673,12415561114.270964
2026-04-11 16:54:58.015,2306.736689178673,2306.736689178673,2285.4701387600003,2285.4701387600003,11696324641.23899
2026-04-11 17:01:23.797,2285.4701387600003,2285.5610607564386,2285.4701387600003,2285.5610607564386,11693530135.066494
2026-04-11 18:35:30.976,2285.5610607564386,2285.5610607564386,2273.9379000669032,2273.9379000669032,12946487163.252836
2026-04-11 18:45:46.916,2273.9379000669032,2273.9379000669032,2232.8066503880777,2232.8066503880777,13580122811.989664
2026-04-11 18:51:03.141,2232.8066503880777,2232.8066503880777,2219.4783433671664,2219.4783433671664,13526941620.841099
2026-04-11 18:52:05.139,2219.4783433671664,2219.4783433671664,2219.4783433671664,2219.4783433671664,13526941620.841099
2026-04-11 18:52:57.993,2219.4783433671664,2219.4783433671664,2219.4783433671664,2219.4783433671664,13526941620.841099
2026-04-11 18:53:32.415,2219.4783433671664,2219.4783433671664,2219.4783433671664,2219.4783433671664,13526941620.841099
2026-04-11 19:00:48.817,2219.4783433671664,2219.8412324497176,2219.4783433671664,2219.8412324497176,13140750625.05866
2026-04-11 20:00:51.363,2219.8412324497176,2225.5397799994403,2219.8412324497176,2225.5397799994403,13763818896.972277
2026-04-11 21:00:43.095,2225.5397799994403,2225.5397799994403,2216.9517717315966,2216.9517717315966,14936583259.842924
2026-04-11 22:00:48.893,2216.9517717315966,2216.9517717315966,2212.6124547535733,2212.6124547535733,14328655264.933813
2026-04-11 23:01:03.521,2212.6124547535733,2218.1258921263798,2212.6124547535733,2218.1258921263798,14523897166.787645
2026-04-12 00:00:48.686,2218.1258921263798,2218.1258921263798,2216.5840467519256,2216.5840467519256,14482129221.415752
2026-04-12 01:01:15.849,2216.5840467519256,2220.279110167391,2216.5840467519256,2220.279110167391,15228200234.899921
2026-04-12 02:00:56.131,2220.279110167391,2220.279110167391,2214.087175835668,2214.087175835668,14591616634.62203
2026-04-12 03:01:06.875,2214.087175835668,2214.765926347794,2214.087175835668,2214.765926347794,15012790382.705038
2026-04-12 04:00:47.358,2214.765926347794,2214.765926347794,2201.1495216728013,2201.1495216728013,14451393650.765942
2026-04-12 05:01:01.954,2201.1495216728013,2205.2660972826216,2201.1495216728013,2205.2660972826216,14730293861.695883
2026-04-12 06:00:58.051,2205.2660972826216,2205.2660972826216,2196.840201976302,2196.840201976302,16177952473.925983
2026-04-12 07:01:06.767,2196.840201976302,2196.840201976302,2187.817443596257,2187.817443596257,15667777168.223635
2026-04-12 08:00:49.457,2187.817443596257,2187.817443596257,2182.2858360049127,2182.2858360049127,16065725206.106855
2026-04-12 09:00:44.808,2182.2858360049127,2186.5304734082088,2182.2858360049127,2186.5304734082088,16585405045.61128
2026-04-12 10:00:57.095,2186.5304734082088,2186.5304734082088,2186.5010473087455,2186.5010473087455,15943745762.273386
2026-04-12 11:01:08.812,2186.5010473087455,2204.0398426422353,2186.5010473087455,2204.0398426422353,16020731421.208258
2026-04-12 12:00:58.894,2204.0398426422353,2204.0398426422353,2201.4389627546566,2201.4389627546566,14996038712.177097
2026-04-12 13:00:50.730,2201.4389627546566,2201.4389627546566,2198.9236664353475,2198.9236664353475,14854729304.291786
2026-04-12 14:00:48.827,2198.9236664353475,2213.2951657993,2198.9236664353475,2213.2951657993,13923225951.553867
2026-04-12 15:00:53.205,2213.2951657993,2213.2951657993,2209.8523489065633,2209.8523489065633,14585140557.39959
2026-04-12 16:00:52.994,2209.8523489065633,2209.8523489065633,2199.150727096511,2199.150727096511,14885177041.725336
2026-04-12 17:00:54.317,2199.150727096511,2199.150727096511,2192.1608453362987,2192.1608453362987,14967971355.94253
2026-04-12 18:01:01.703,2192.1608453362987,2205.3117930084986,2192.1608453362987,2205.3117930084986,14971612672.497566
2026-04-12 19:00:45.564,2205.3117930084986,2205.3117930084986,2203.954880403779,2203.954880403779,13621629914.788696
2026-04-12 20:01:07.238,2203.954880403779,2203.954880403779,2194.403490898879,2194.403490898879,12217272566.297623
2026-04-12 21:00:20.570,2194.403490898879,2194.665714324386,2194.403490898879,2194.665714324386,11558006337.175402
2026-04-12 22:01:13.497,2194.665714324386,2194.665714324386,2190.954062984134,2190.954062984134,12468553414.696384
2026-04-12 23:01:17.975,2190.954062984134,2190.954062984134,2189.25101229352,2189.25101229352,11589365275.98331
2026-04-13 00:00:58.066,2189.25101229352,2199.1070417801566,2189.25101229352,2199.1070417801566,12844066444.326338
2026-04-13 01:00:53.745,2199.1070417801566,2199.1070417801566,2187.9725229970118,2187.9725229970118,12648373861.895517
2026-04-13 02:01:09.201,2187.9725229970118,2187.9725229970118,2184.9528673361556,2184.9528673361556,12167809298.203363
2026-04-13 03:00:57.876,2184.9528673361556,2188.4512539479592,2184.9528673361556,2188.4512539479592,12268523258.667702
2026-04-13 04:01:06.883,2188.4512539479592,2188.4512539479592,2183.321386188037,2183.321386188037,12139743132.979431
2026-04-13 05:00:25.748,2183.321386188037,2188.088926104031,2183.321386188037,2188.088926104031,12146559060.444012
2026-04-13 06:00:56.100,2188.088926104031,2193.389528277352,2188.088926104031,2193.389528277352,12035768120.61842
2026-04-13 07:00:36.279,2193.389528277352,2210.8171922774986,2193.389528277352,2210.8171922774986,13909791846.841095
2026-04-13 08:00:15.406,2210.8171922774986,2231.4522872333478,2210.8171922774986,2231.4522872333478,14680458660.690361
2026-04-13 09:01:17.848,2231.4522872333478,2231.4522872333478,2209.5007492572586,2209.5007492572586,15232470272.607565
2026-04-13 10:01:06.295,2209.5007492572586,2226.7117777428425,2209.5007492572586,2226.7117777428425,15004659443.726599
2026-04-13 11:00:55.468,2226.7117777428425,2226.7117777428425,2225.827654963803,2225.827654963803,15858956157.652315
2026-04-13 12:00:13.889,2225.827654963803,2233.0503387179924,2225.827654963803,2233.0503387179924,15910344547.032602
2026-04-13 13:00:48.454,2233.0503387179924,2264.0902870238415,2233.0503387179924,2264.0902870238415,18044383204.630463
2026-04-13 14:00:38.160,2264.0902870238415,2264.0902870238415,2254.062309111841,2254.062309111841,17286311243.145702
2026-04-13 15:00:40.866,2254.062309111841,2261.29575886429,2254.062309111841,2261.29575886429,18491525775.88974
2026-04-13 16:00:26.897,2261.29575886429,2354.3360155502314,2261.29575886429,2354.3360155502314,20570796419.36975
2026-04-13 17:00:45.897,2354.3360155502314,2371.8632958349403,2354.3360155502314,2371.8632958349403,23820082860.198566
2026-04-13 18:00:58.220,2371.8632958349403,2371.8632958349403,2362.3207497498333,2362.3207497498333,24252042714.19801
2026-04-13 19:00:03.674,2362.3207497498333,2369.589576190168,2362.3207497498333,2369.589576190168,23598123914.543606
2026-04-13 20:00:51.300,2369.589576190168,2369.589576190168,2368.596576383009,2368.596576383009,23875988546.666954
2026-04-13 21:00:31.252,2368.596576383009,2368.596576383009,2366.429713372308,2366.429713372308,25674086646.51935
2026-04-13 22:00:31.405,2366.429713372308,2366.429713372308,2364.2915830005645,2364.2915830005645,24830920904.108547
2026-04-13 23:00:47.313,2364.2915830005645,2364.2915830005645,2356.365526439283,2356.365526439283,26135918596.683895
2026-04-14 00:00:12.924,2356.365526439283,2374.674072053806,2356.365526439283,2374.674072053806,25622349334.137897
2026-04-14 01:00:15.647,2374.674072053806,2377.7461831597484,2374.674072053806,2377.7461831597484,26377849379.693836
2026-04-14 02:00:42.681,2377.7461831597484,2387.7394508749157,2377.7461831597484,2387.7394508749157,26372871833.27258
2026-04-14 03:00:01.251,2387.7394508749157,2388.100943069653,2387.7394508749157,2388.100943069653,28199629948.333927
2026-04-14 04:00:57.208,2388.100943069653,2388.100943069653,2376.505918456663,2376.505918456663,27900786141.385437
2026-04-14 05:00:52.355,2376.505918456663,2376.505918456663,2375.7330726687983,2375.7330726687983,29227818812.864613
2026-04-14 06:00:34.991,2375.7330726687983,2375.7330726687983,2374.2520773361784,2374.2520773361784,28694804367.66495
2026-04-14 07:00:59.983,2374.2520773361784,2392.1227513286062,2374.2520773361784,2392.1227513286062,28598622192.524723
2026-04-14 08:01:02.229,2392.1227513286062,2392.1227513286062,2361.314537041614,2361.314537041614,29595376492.187584
2026-04-14 09:00:34.502,2361.314537041614,2366.8454418311208,2361.314537041614,2366.8454418311208,31438688190.132214
2026-04-14 10:00:31.418,2366.8454418311208,2366.8454418311208,2332.6649704950637,2332.6649704950637,29917456335.763355
2026-04-14 11:00:34.032,2332.6649704950637,2337.9732228024723,2332.6649704950637,2337.9732228024723,31118863791.18002
2026-04-14 12:00:58.780,2337.9732228024723,2337.9732228024723,2315.5497530019725,2315.5497530019725,31697718795.476593
2026-04-14 13:00:21.485,2315.5497530019725,2315.5497530019725,2314.331958720245,2314.331958720245,30985845524.620075
2026-04-14 14:00:18.192,2314.331958720245,2314.331958720245,2312.425853378198,2312.425853378198,30656283091.82975
2026-04-14 15:00:50.238,2312.425853378198,2325.1125565065213,2312.425853378198,2325.1125565065213,28818853946.171608
2026-04-14 16:00:17.758,2325.1125565065213,2325.1125565065213,2316.4275228538836,2316.4275228538836,27595479295.24822
2026-04-14 17:00:39.187,2316.4275228538836,2323.217827319875,2316.4275228538836,2323.217827319875,24070653200.686302
2026-04-14 18:00:08.987,2323.217827319875,2334.600371369054,2323.217827319875,2334.600371369054,24518200267.39825
2026-04-14 19:00:02.808,2334.600371369054,2336.3775268637373,2334.600371369054,2336.3775268637373,22608591660.664356
2026-04-14 20:00:12.062,2336.3775268637373,2336.3775268637373,2325.2254555556456,2325.2254555556456,22938162860.32434
2026-04-14 21:00:47.712,2325.2254555556456,2329.181030063494,2325.2254555556456,2329.181030063494,21893509188.28094
2026-04-14 22:00:10.780,2329.181030063494,2333.665868843239,2329.181030063494,2333.665868843239,23191699897.511147
2026-04-14 23:00:48.049,2333.665868843239,2333.665868843239,2320.6525636642577,2320.6525636642577,22985123860.440346
2026-04-15 00:01:03.499,2320.6525636642577,2320.6525636642577,2317.292447157918,2317.292447157918,22563076630.11517
2026-04-15 01:00:43.338,2317.292447157918,2317.292447157918,2316.641948703998,2316.641948703998,21226937501.302376
2026-04-15 02:00:18.138,2316.641948703998,2328.424719102701,2316.641948703998,2328.424719102701,20193672655.211506
2026-04-15 03:00:39.477,2328.424719102701,2328.424719102701,2320.9042842118747,2320.9042842118747,21134779018.1566
2026-04-15 04:00:01.877,2320.9042842118747,2322.719683572723,2320.9042842118747,2322.719683572723,20999133333.52477
2026-04-15 05:00:14.983,2322.719683572723,2335.7637305811054,2322.719683572723,2335.7637305811054,20435361779.28413
2026-04-15 06:00:15.913,2335.7637305811054,2337.5056694194113,2335.7637305811054,2337.5056694194113,20946533518.551773
2026-04-15 07:00:04.131,2337.5056694194113,2337.5056694194113,2327.487330027052,2327.487330027052,20131036312.57918
2026-04-15 08:00:34.288,2327.487330027052,2337.8958778768597,2327.487330027052,2337.8958778768597,18133295938.91031
2026-04-15 09:00:35.249,2337.8958778768597,2337.8958778768597,2331.837670451234,2331.837670451234,17074771482.768335
2026-04-15 10:00:33.864,2331.837670451234,2340.382852697643,2331.837670451234,2340.382852697643,16812097165.748499
2026-04-15 11:00:31.564,2340.382852697643,2347.9158682132474,2340.382852697643,2347.9158682132474,15964444186.709528
2026-04-15 12:01:02.267,2347.9158682132474,2359.0253553241396,2347.9158682132474,2359.0253553241396,16299330569.457205
2026-04-15 13:00:49.291,2359.0253553241396,2375.968711159628,2359.0253553241396,2375.968711159628,15772226099.653795
2026-04-15 14:00:21.990,2375.968711159628,2375.968711159628,2363.656994056358,2363.656994056358,15638443507.011742
2026-04-15 15:00:40.530,2363.656994056358,2363.656994056358,2360.453896884255,2360.453896884255,16028011991.637802
2026-04-15 16:00:31.250,2360.453896884255,2365.0274808601425,2360.453896884255,2365.0274808601425,15700809012.024801
2026-04-15 17:00:42.694,2365.0274808601425,2365.0274808601425,2359.683410161545,2359.683410161545,17326838284.48319
2026-04-15 18:00:38.226,2359.683410161545,2360.9435958606546,2359.683410161545,2360.9435958606546,16868636543.986038
2026-04-15 19:00:36.179,2360.9435958606546,2360.9435958606546,2351.6484203422615,2351.6484203422615,16139327096.106909
2026-04-15 20:00:34.084,2351.6484203422615,2359.256988630276,2351.6484203422615,2359.256988630276,16567573262.046461
2026-04-15 21:01:13.883,2359.256988630276,2359.256988630276,2358.6831417983026,2358.6831417983026,16448005495.105188
2026-04-15 22:00:40.632,2358.6831417983026,2358.6831417983026,2354.66734633891,2354.66734633891,17000574601.756828
2026-04-15 23:00:46.535,2354.66734633891,2356.9042200433823,2354.66734633891,2356.9042200433823,17240217804.826736
2026-04-16 00:00:59.211,2356.9042200433823,2356.9042200433823,2355.2885621552623,2355.2885621552623,17220284965.11474
2026-04-16 01:00:33.723,2355.2885621552623,2355.2885621552623,2341.3228313818177,2341.3228313818177,16806406118.893532
2026-04-16 02:00:37.961,2341.3228313818177,2341.3228313818177,2339.7357506797744,2339.7357506797744,17275492778.99542
2026-04-16 03:00:48.635,2339.7357506797744,2339.7357506797744,2338.9188369333137,2338.9188369333137,16514994182.82353
2026-04-16 04:00:07.102,2338.9188369333137,2338.9188369333137,2332.752373575803,2332.752373575803,16343250600.672422
2026-04-16 05:00:43.884,2332.752373575803,2335.536480285313,2332.752373575803,2335.536480285313,17467174809.85375
2026-04-16 06:00:57.656,2335.536480285313,2340.351728786543,2335.536480285313,2340.351728786543,16733403023.804333
2026-04-16 07:00:18.697,2340.351728786543,2340.351728786543,2306.3651540479595,2306.3651540479595,18095489157.505795
2026-04-16 08:00:11.468,2306.3651540479595,2308.81567097933,2306.3651540479595,2308.81567097933,18914534429.941833
2026-04-16 09:00:51.731,2308.81567097933,2340.056895909236,2308.81567097933,2340.056895909236,18997746823.398693
2026-04-16 10:00:51.218,2340.056895909236,2340.056895909236,2317.287629963791,2317.287629963791,17080264401.712513
2026-04-16 10:36:43.000,2317.287629963791,2321.7797903278038,2317.287629963791,2321.7797903278038,20739928576.823044
